1862396;1161|GBH 5-40 D
1883654;1172|GWS 6 - 115
1883655;1044|GSB 13 REM
1883656;1232|GKF 600
1883657;1060|GSR 1800-LI
1883658;1501|GCM 12 GDL
1883659;1209|GKS 190
1883660;1225|GEX 125-1AE
1883661;1255|L-BOXX 238
1883662;1230|GHO 26-82 D
1883663;2445|GSB 1200-2-LI
1883664;1636|FSN KZW
1883665;2452|GST 75 E
1883666;1632|FSN 1600
1883667;1082|GBH 2-20 D
1883668;1211|GKS 65 CE
1883669;1049|GSR 7-14 E
1883670;1254|L-BOXX 136
1883671;1184|GWS 21-230
1883672;1045|GSB 16 RE
1883673;1183|GWS 21-180
1883674;1175|GWS 9 - 115
1883675;1506|GOF 1600 CE
1883676;1081|GBH 2-20
1883677;1226|GSS 140-1
1883678;1382|L-BOXX 102S
1883679;1173|GWS 7 - 115
1883680;1228|GBS 75 AE
1883681;1250|GSA 1100 E
1883682;1059|GSR 1440-LI
1883683;1043|GSB 13 RE
1883684;1205|GST 90 BE
1883685;1588|GBH 2-24 D
1883686;1234|GFF 1600 CE
1883687;1174|GWS 7 - 115 TE
1883688;4872|GCO 2000 + 5 Discos
1883689;2446|GSR SMART 1000
1883690;2497|GSR 12-2 LI (Con Maleta)
1883691;1208|GKS 7000
1883692;1253|L-BOXX 102
1883693;1219|GTS 10 J
1883694;2472|GBA 18 V 5.0Ah
1883695;1498|GCM 10 X
1883696;1476|GSB 18 V-LI
1883697;1227|GSS 23 AE
1883698;1581|GSB 20-2 RE C/M
1883699;1042|GSB 550 RE
1883700;1026|GKS 235
1883701;1051|GSR 6-25 TE
1883702;2535|FSN 1100
1883703;1204|GST 65 BE
1883704;1040|GBM 32-4
1891648;1224|GEX 125-150 AVE
1891649;2533|GST 90 E HV
1891650;1189|GWS 24 - 180
1891651;1037|GBM 10 RE NEW
1891652;1047|GSB 20-2
1891653;1222|GBG 6
1891654;1500|GCM 12X
1891655;1076|GWS 18V-LI
1891656;1229|GHO 16-82 D
1891657;2539|FSN SS
1891658;1166|GSH 11 E
1891659;2538|FSN WAN
1891660;1207|GST 25 M
1891661;1633|FSN VEL
1891662;1162|GBH 5-40 DCE
1891663;1218|GTA 600
1891664;2454|GNF 35 CA
1891665;1180|GWS 15 - 125 CIH
1891666;2537|FSN 3100
1891667;1206|GST 150 BCE
1891668;1160|GBH 4-32 DFR
1891669;1238|GDS 30
1891670;1213|GCO 2000
1891671;2453|GSS 140-1A
1891672;1403|GBH 2-24 D C/M
1891673;1058|GSR 1200-LI
1891674;2536|FSN 2100
1891675;1600|GLM 50 C
1891676;1105|GPL 5
1891677;1085|GLM 30
1891678;1115|D-TECT 150
1891679;1113|GMS 120
1891680;1123|BT 150
1891681;2887|GCL 2-15
1891682;4881|GLL 2-10
1891683;2143|GLL 2-50
1891684;1114|D-TECT 120
1891685;1096|GIM 60 L
1891686;1101|GLL 3-50
1891687;1106|GCL 25
1891688;1087|GLM 80
1891689;1477|GLL 2-20
1891690;1097|GLL 2-15
1891691;1135|GLM 20
1891692;1103|GLL 3-80 P
1891693;1089|GLM 100
1891694;1599|GIC 120 C
1891695;1099|GLL 2-50
1891696;1107|GTL 3
1891697;1145|GLM 40
1891698;1093|DWM 40 L
1891699;2144|GLM 50 C
1891700;1091|GLM 250 VF
1895373;2010|420
1895374;2009|409
1895375;2102|413
1895376;2011|426
1895377;2016|EZ409
1895378;1263|8100
1895379;1913|575
1895380;1919|490
1895381;1911|566
1895382;1912|568
1895383;2512|DTD129Z
1895384;4884|TE -SD 3,6 LI KIT
1895385;2156|78ATSD10KW
1895386;1909|335
1895387;638|PA12
1895388;387|BL1830
1895389;446|DC9071
1895390;447|DC9096
1895391;2890|
1895392;1340|630718-5
1895393;454|572576-01
1895394;678|DW733-CH
1895395;675|D26676-B2
1895396;2108|EZ472SA
1895397;2107|EZ471SA
1895398;2092|531
1895399;2093|532
1895400;2090|443
1895401;2088|428
1895402;2091|530
1895403;925|2012NB
1895404;2032|404
1895405;4829|RT-PL 82
1895406;2029|461
1895407;4885|TC-AC 190/24/8 Kit
1895408;627|78HYAC24D
1895409;2165|78HYAC100C
1895410;2163|78HYAC50D
1895411;2168|78HYAC300C
1895412;2169|78HYAC300
1895413;2019|EZ544
1895414;2017|EZ456
1895415;2123|SM600
1895416;2122|SM540
1895417;2124|SM500
1895418;2007|EZ541GR
1895419;2120|SM510
1895420;2013|545
1895421;2020|EZ545
1895422;2026|425
1895423;2249|D-20688
1895424;2113|EZ412SA
1895425;2114|EZ413SA
1895426;1136|4000
1895427;1559|UC4041A
1895428;1905|577
1895429;411|DWE4214
1895430;412|D28114-B2
1895431;72|GA4530
1895432;503|DGA452Z
1895433;4820|TE-AG 125 CE
1895434;2110|EZ511
1895435;1968|193
1895436;1963|118
1895437;1969|194
1895438;1970|196
1895439;1961|115
1895440;1942|618
1895441;1940|615
1895442;1939|612
1895443;4790|TR618
1895444;2021|561
1895445;1983|106
1895446;2023|569
1895447;1943|640
1895448;1941|617
1895449;1944|650
1895450;1945|652
1895451;1946|654
1895452;4781|D-01404
1895453;624|78HYH960
1895454;625|78DHY6000LE
1895455;626|78DHY6000SE
1895456;2155|78DHY8000SE
1895457;2154|78DHY8000LE
1895458;2147|78HY1200L
1895459;2150|78HY3100FE
1895460;2149|78HY3100F
1895461;2148|78HY2200F
1895462;2151|78HY7000FE
1895463;2153|78HY9000LE3
1895464;2152|78HY9000LE
1895465;1259|290
1895466;1918|550
1895467;1915|678
1895468;2126|SM840
1895469;1904|576
1895470;2127|SM842
1895471;2128|MS51
1895472;2129|MS52
1895473;2130|MS53
1895474;4840|TH-MS 2112
1895475;4842|TC-SM 2534 DUAL
1895476;4843|TE-SM 2534 DUAL
1895477;1932|631
1895478;1935|4485
1895479;1921|EZ688
1895480;1927|689
1895481;1925|709RW
1895482;1926|710RW
1895483;1922|684
1895484;1928|707
1895485;2131|MM385
1895486;666|DCF060-B2C
1895487;1936|628
1895488;2125|SM700
1895489;2015|EZ406
1895490;4883|TE-TK 12 LI
1895491;1591|CLX201SAX
1895492;943|9911
1895493;682|D26441-B2
1895494;683|DWE6421-B2
1895495;664|DW292-B2
1895496;665|DW294-B2
1895497;1938|E495
1895498;1931|402
1895499;1933|EZ402
1895500;1937|EZ407
1895501;2098|407
1895502;1934|4486
1895503;650|D25901K-B2
1895504;1929|E725
1895505;1908|231
1895506;4831|TC-CS 860-1
1895507;1914|670
1895508;637|78HYH50
1895509;1032|HYT80
1895510;636|78HY80
1895511;2170|78HY40
1895512;4760|82HYG80MN
1895513;1906|220
1895514;1468|MM40
1895515;1998|84922
1895516;1958|8193
1895517;1950|941
1895518;1953|953
1895519;1957|8175
1895520;1949|932
1895521;1952|952
1895522;685|D26411-B2C
1895523;639|DWP849X-B2
1895524;2030|463
1895525;1644|DT6821
1895526;680|DW625E-B2
1895527;149|RP2301FC
1895528;1260|3000 10 ACC
1895529;1261|3000 1-26 ACC
1895530;1262|3000 2-30 ACC
1895531;1398|Cod 3000 30/CM
1895532;1344|3000 30/160 ACC
1895533;4835|RT-RH 32 KIT
1895534;2005|500
1895535;2028|520
1895536;1400|SM20CM
1895537;1140|SM20
1895538;1615|D-42575
1895539;1001|LCT204
1895540;4810|49109075
1895541;417|DW300-B2C
1895542;4827|TE-JS 100
1895543;2527|DSS611Z
1895544;4899|HS7600K
1895545;8|5007NK
1895546;142|MLT100
1895547;686|DWE7470-B2
1895548;4844|TC-TS 2025 ECO
1895549;1264|MS20
1895550;1493|MLS100
1895551;1505|DW713-B2
1895552;36|DJR182Z
1895553;4916|82HYMMA120
1895554;4917|82HYMMA160D
1895555;964|DA331DWE
1895556;1589|DF330DWLE
1895557;4802|TH-CD 14,4 2B
1895558;2446|GSR SMART 1000
1895559;1008|TB131
1895560;438|DCD776C2-B2
1895561;269|HP1630K
1895562;657|DWD024-B2
1895563;658|DW508SK-B2C
1895564;654|DWD014-B2
1895565;1266|2200
1895566;1265|2000
1896228;1577|DHP456RFX3
1896229;509|DHP456RFE
1896230;510|DHP456Z
1906437;69|FS2700
1906438;2289|B-05038
1906439;1524|HS7600
1906440;1000|LB1200F
1906441;153|SJ401
1906442;1010|TD090DWE
1906443;930|4100NH2X
1906444;92|HG6020
1906445;959|DVR850RFE
1906446;75|GA5020
1906447;1543|EB7650TH
1906448;128|KP0800
1906449;151|RT0700CX3
1906450;1652|DVR450RFE
1906451;122|JR3050T
1906452;2248|D-03436
1906453;266|FS4000
1906454;2513|DTD146Z
1906455;2480|LS1216
1906456;2886|DF031DZ
1906457;262|9557HNGK
1906458;506|DHP453SYE
1906459;966|DA4000LR
1906460;1144|TM3010CX5
1906461;71|FS6300
1906462;1537|BO5030
1906463;1489|LS1040
1906464;4784|D-03414
1906465;2493|DF331DSAE
1906466;2560|M3700G
1906467;2295|D-51649
1906468;109|HR2600
1906469;2294|D-51633
1906470;933|4327
1906471;2293|D-51627
1906472;270|HP1640K
1906473;106|HR2230
1906474;259|4350FCT
1906475;2565|HP331DSAE
1906476;931|4107R
1906477;79|GA7050
1906478;38|BO4556
1906479;1526|N5900B
1906480;952|DUB182Z
1906481;1393|DTW281RFE
1906482;2299|D-59215
1906483;2516|DHR165Z
1906484;258|4350CT
1906485;1491|LS1221
1906486;37|BO3710
1908200;986|GB801
1908201;131|LC1230
1908202;1535|RP0900X3
1908203;2561|M3601G
1908204;929|3709
1908205;273|HR1830
1908206;2247|D-03420
1908207;2280|D-01286
1908208;2870|DEAWST06
1908209;976|DS5000
1908210;91|HG5012K
1908211;508|DHP458Z
1908212;1532|JR3070CT
1908213;1486|LS1016
1908214;127|JV0600K
1908215;1516|GA4534
1908216;285|SA5040C
1908217;2518|DHR241Z
1908218;73|GA4540C
1908219;2543|M0600G
1908220;81|GA9020
1908221;1155|DHP459RFE
1908222;39|BO5041
1908223;146|PJ7000
1908224;1527|5143R
1908225;284|RP1801
1908226;1590|HP330DWLE
1908227;953|DUC122Z
1908228;4888|197282-4
1908229;1394|DHP481RTE
1908230;2517|DHR202Z
1908231;1009|TD0101
1908232;1552|EM3400U
1908233;2532|DTM51ZX1
1908234;4786|CA5000XJ
1908235;2292|B-03030
1908236;2550|M8600G
1908237;105|HP2070F
1908238;511|194533-6
1908239;2562|M4000G
1908240;27|9404
1908241;2484|DHP480RFE
1908242;2291|B-00767
1908243;268|GA9030
1908244;2877|DF330DWEX3
1908245;2502|DGA454RFE
1908246;2548|M8100G
1908247;103|HP1640
1908248;1391|HP330DWE
1908249;962|CL102DZ
1908529;112|HR2810T
1908530;2481|2712
1908531;76|GA7020
1908532;2180|M6501G
1908533;985|GB602
1908534;950|BPJ180Z
1908535;60|EK7651H
1908536;386|DJR182RFE
1908537;111|HR2810
1908538;928|2704
1908539;1023|VC3210LX1
1908540;491|DDF453Z
1908541;35|BHX2500
1908542;1570|DLX2093PMJ
1908543;4791|B-33962
1908544;999|JV100DZ
1908545;74|GA4541C
1908546;2279|P-24876
1908547;1663|DLX2131JX2
1908548;1566|GA5021C
1908549;89|GV7000
1908550;2234|D-40515
1908551;994|HP330DZ
1908552;260|5007MGK
1908553;1662|DLX2103PMJ
1908554;29|9564PCV
1908555;1510|HR2470
1908556;4788|B-10344
1908557;2233|D-47357
1908558;2881|M8700G + 3 Brocas
1908559;989|HM0871C
1908560;2506|DUH551RF2
1908561;2554|M9000G
1908562;2300|D-59221
1908563;4769|GA7060
1908564;2251|B-28357
1908565;1538|UB1103
1908566;486|BCG180RHB
1908567;28|9564PC
1908568;2485|DTD129RFE
1908569;504|BGD800Z
1908570;2221|D-09709
1908571;988|HM0810T
1908572;2505|DHR263RF2
1908573;283|N5900B
1908574;4875|DGA458RTE
1908575;4764|DUR182URF-1
1908576;483|DBO180Z
1908577;1646|LW1401
1908578;117|HR4013C
1908579;4785|DTW1001RMJ
1915361;4948|S240
1915362;2796|HPBS-006
1915363;4952|SLX17
1915364;4615|HNBI-006
1915365;4349|HKDÑ-001
1915366;4956|4750PTBW47
1915367;4619|HNDÑ-018
1915368;4922|5317-59
1915369;4960|BBA1224-1700
1915370;2772|HKCB-006
1915371;4926|6430-59
1915372;4964|MTS-5-25-E
1915373;2776|HKDY-006
1915374;4930|2426-259
1915375;4968|3875-BP1
1915376;2780|HKEA-006
1915377;4934|2606-259C
1915378;4972|1470K6
1915379;2784|HKLG-006
1915380;4976|0129-12-4
1915381;4373|HKJJ-006
1915382;5016|KKS 1020
1915383;4984|129-101-4
1915384;5020|P-PNT
1915385;4719|HKLD-006
1915386;4988|KJD
1915387;5024|SPS-F1-100
1915388;4992|DDS
1915389;5028|SML-C150-250
1915390;4996|KSC8
1915391;5032|SML-C125-250
1915392;4731|HPDA-006
1915393;5000|KHI-BIT
1915394;5036|SML-C1-500
1915395;5004|KBC3
1915396;5040|SML-C2 - 50
1915397;5008|KMA2800
1915398;5044|KBC6
1915399;5012|MKJKIT
1915400;5085|8403
1915401;5053|TE 1
1915402;5089|13190003
1915403;5057|PD 5
1915404;5093|BH13000
1915405;5061|TE-C 10/16
1915406;5097|BBJL2535
1915407;5065|AG-D UP
1915408;5101|BLTS10
1915409;5069|X-CS 62 P8
1915410;5105|2171G-160
1915411;5073|S-B PH3 25/1
1915412;5077|1304
1915413;5081|5340
1915414;4424|HNDB-024
1915415;2757|HKAO-006
1915416;4428|HNAK-006
1915417;4612|HNBK-003
1915418;2761|HKCP-006
1915419;4432|HNCH-006
1915420;2765|HKBD-006
1915421;4436|HNAD-006
1915422;2769|HKBK-006
1915423;4440|HNAC-006
1915424;4408|HNCÑ-018
1915425;4444|HNAS-006
1915426;4412|HNCS-024
1915427;4448|HNCL-006
1915428;4416|HNCT-018
1915429;4452|HNBU-006
1915430;4893|HKEÑ-006
1915431;4420|HNDE-006
1915432;4456|HNBY-006
1915433;2789|HKEF-006
1915434;4945|111 M/11T
1915435;4981|FILE-5-POUCH
1915436;2793|HPAP-003
1915437;4949|S330
1915438;2797|HUJH-003
1915439;4953|S530T
1915440;4616|HNCF-006
1915441;4350|HKDO-001
1915442;4957|4750PTBW67
1915443;4620|HNDL-030
1915444;4923|9072-59
1915445;4961|29-B
1915446;2773|HKCD-006
1915447;4927|6177-59
1915448;4965|MTS-8-25-E
1915449;4362|HPAH-006
1915450;2777|HKLU-006
1915451;4931|2401-259
1915452;4969|463-PB
1915453;2781|HKME-006
1915454;4935|2607-259C
1915455;4973|4750PTB60
1915456;2785|HKLH-006
1915457;4977|129-33W-4
1915458;5050|AG 115-8S
1915459;5017|KJHD
1915460;4985|129-108-4
1915461;5021|SMLF150-100
1915462;4720|HKLE-006
1915463;4989|KJDHD
1915464;5025|SPS-F075-100
1915465;4993|D6HD
1915466;5029|SML-C150-500
1915467;4997|KMA2675-EUR
1915468;5033|SML-C125-500
1915469;4732|HPDB-006
1915470;5001|KSC16
1915471;5037|SML-C250-125
1915472;5005|KHI-PULL
1915473;5041|SPS-C1-100
1915474;5009|KHI-SLIDE
1915475;5045|K5
1915476;4744|HPDV-006
1915477;5013|KHC3
1915478;5086|13110003
1915479;5054|TE 7-C
1915480;5090|84550004
1915481;5058|TE-C 5/11
1915482;5094|BH1EU3000
1915483;5062|TE-C 12/16
1915484;5098|BH36000
1915485;5066|X-CS 27 P8
1915486;5102|GL010-08
1915487;5070|X-CS 72 P8
1915488;5106|2470G-200
1915489;5074|PP EY-G
1915490;5078|1604
1915491;5082|5342
1915492;2754|HKAP-006
1915493;4425|HNAU-012
1915494;2758|HKEZ-006
1915495;4429|HNBC-006
1915496;4613|HNBL-006
1915497;2762|HKCQ-006
1915498;4433|HNAL-006
1915499;2766|HKBE-006
1915500;4437|HNBB-006
1915501;2770|HKCZ-006
1915502;4441|HUAU-006
1915503;4323|HKJZ-006
1915504;4409|HNAE-024
1915505;4445|HNAR-006
1915506;4413|HNAI-024
1915507;4449|HNCK-006
1915508;4417|HNAM-012
1915509;4453|HNDK-024
1915510;4894|HKEO-006
1915511;4421|HNDF-024
1915512;4457|HNBX-006
1915513;4339|HKDU-003
1915514;4375|HKJM-006
1915515;2790|HKEG-006
1915516;4946|S4RM/3T
1915517;2794|HPAQ-003
1915518;4950|S87+7
1915519;4954|SBS81
1915520;4351|HKDP-001
1915521;4920|2401-59
1915522;4958|BBC420
1915523;4924|6086S-59
1915524;4962|B219.006
1915525;2774|HKCG-006
1915526;4928|2763-259
1915527;4966|428-16
1915528;4363|HPAG-006
1915529;2778|HKLV-006
1915530;4932|2407-259
1915531;4970|451-MB-2
1915532;2782|HKDX-012
1915533;4936|2606-159C
1915534;4974|IRIMO-BOX-94
1915535;2786|HKLI-006
1915536;4978|129-23-4
1915537;5014|KHC6
1915538;5051|AG 115-8D
1915539;4982|9064K-26TS1
1915540;5018|K4MS
1915541;4986|1470K7BKFFC13
1915542;5022|SMLF150-500
1915543;4990|KMA3215
1915544;5026|SPS-F150-100
1915545;4994|KMA2600
1915546;5030|SML-C125-100
1915547;2799|HKCU-006
1915548;4998|K4
1915549;5034|SML-C1-100
1915550;5002|KHC-MICRO
1915551;5038|SML-C250-50
1915552;4701|HKKL-006
1915553;5006|KBC3-VISE
1915554;5042|SML-C2X250-125
1915555;5010|KMA2900
1915556;4745|HPDW-006
1915557;5087|13120103
1915558;5055|SD 5000
1915559;5091|8454
1915560;5059|TE-C 6/11
1915561;5095|BH6FC1000
1915562;5063|AC-D SP
1915563;5099|BOD8901
1915564;5067|X-CS 37 P8
1915565;5103|GL012-08
1915566;5071|K.6.8/11 M
1915567;5075|1300
1915568;5079|2220
1915569;5083|8401
1915570;2755|HKAQ-006
1915571;4426|HNDA-024
1915572;2759|HKFA-006
1915573;4430|HNBD-006
1915574;4614|HNBJ-006
1915575;2763|HKDL-006
1915576;4434|HNCI-006
1915577;2767|HKBF-006
1915578;4438|HNBA-006
1915579;4442|HNAP-006
1915580;4410|HNCQ-024
1915581;4446|HNAO-006
1915582;4414|HNCR-024
1915583;4450|HNBW-006
1915584;4418|HNDI-018
1915585;4454|HNDM-054
1915586;4422|HNDG-024
1915587;4606|HNCO-030
1915588;4979|601V-3-C
1915589;2791|HPAÑ-006
1915590;4947|SBSL25
1915591;2795|HPAR-003
1915592;4951|S400
1915593;4955|8155-1/2
1915594;4618|HNDJ-036
1915595;4352|HKDQ-001
1915596;4921|5385-59
1915597;4959|BBL12-800
1915598;2771|HKCW-006
1915599;4925|6087S-59
1915600;4963|BE-9770
1915601;2775|HKCI-006
1915602;4929|2781-159
1915603;4967|428-20
1915604;2779|HKDZ-006
1915605;4933|2408-259
1915606;4971|1470K7
1915607;4332|HKFB-006
1915608;2783|HKLF-006
1915609;4937|2453-259 + 2470-059
1915610;4975|9021FTW520FF1
1915611;4372|HKJI-006
1915612;2787|HKLJ-006
1915613;5015|KHC-PREMIUM
1915614;4983|129-58-4
1915615;5019|CAP-WHT-50
1915616;4987|KBK-IP
1915617;5023|SML-F125-100
1915618;4991|KMA3220
1915619;5027|SML-C150-100
1915620;4995|R3
1915621;5031|SML-C125-1200
1915622;4999|KJSC/D
1915623;5035|SML-C1-1200
1915624;5003|KSC24
1915625;5039|SML-C2 - 250
1915626;5007|KHI-HINGE
1915627;5043|SML-C2X250-30
1915628;5011|KHC-RA
1915629;5052|TE 2
1915630;5088|13180003
1915631;5056|DX 2
1915632;5092|1298
1915633;5060|TE-C 8/16
1915634;5096|BH33000
1915635;5064|AC-D UP
1915636;5100|BLE302
1915637;5068|X-CS 52 P8
1915638;5104|2678G-200
1915639;5072|K.6.8/11 M
1915640;5076|1303
1915641;5080|3404
1915642;5084|8402
1915643;4423|HNBE-012
1915644;4607|HNAF-024
1915645;2756|HKAÑ-006
1915646;4427|HNAT-012
1915647;2760|HKCO-006
1915648;4431|HNCG-006
1915649;2764|HKDM-006
1915650;4435|HNCJ-003
1915651;2768|HKBG-006
1915652;4439|HNBÑ-006
1915653;4411|HNAG-024
1915654;4447|HNAÑ-006
1915655;4415|HNAH-024
1915656;4451|HNBV-006
1915657;4419|HNBH-012
1915658;4455|HNBZ-006
1915659;2788|HKGH-006
1915660;4980|19-8-H
1915661;2792|HPAO-006
